salary,company,location
54557,US Government,Multiple Locations
47813,US Government,May be filled in various FAA duty locations
47813,US Government,May be filled in various FAA duty locations
31083,US Government,May be filled in various FAA duty locations
83047,US Government,Kings Point, New York Kings Point, New York
62107,US Government,Multiple Locations
47813,US Government,May be filled in various FAA duty locations
47813,US Government,May be filled in various FAA duty locations
31083,US Government,May be filled in various FAA duty locations
47813,US Government,May be filled in various FAA duty locations
31083,US Government,May be filled in various FAA duty locations
62107,US Government,Multiple Locations
68863,US Government,May be filled in various FAA duty locations
49960,US Government,Multiple Locations
49960,US Government,Multiple Locations
62107,US Government,Multiple Locations
49960,US Government,Multiple Locations
32114,US Government,Multiple Locations
74441,US Government,Multiple Locations
88621,US Government,Multiple Locations
88621,US Government,Multiple Locations
105383,US Government,Multiple Locations
39746,US Government,Buffalo, New York Buffalo, New York
88621,US Government,Multiple Locations
62107,US Government,Multiple Locations
49960,US Government,Multiple Locations
47813,US Government,May be filled in various FAA duty locations
62107,US Government,Multiple Locations
51332,US Government,Multiple Locations
47813,US Government,May be filled in various FAA duty locations
31083,US Government,May be filled in various FAA duty locations
54557,US Government,Multiple Locations
78044,US Government,Bath, New York Bath, New York
51332,US Government,Multiple Locations
47813,US Government,May be filled in various FAA duty locations
47813,US Government,May be filled in various FAA duty locations
57594,US Government,West Point, New York West Point, New York
89000,Noblis,Chantilly, VA
126000,FanDuel,Atlanta, GA
86000,ABOUT HEALTHCARE INC,Saint Paul, MN
112000,Macquarie Group Limited,Houston, TX
91000,Micron,Folsom, CA
106000,Soaren Management LLC,Phoenix, AZ
60000,LGC Biosearch Technologies,Alexandria, MN
90000,PNM Resources,Albuquerque, NM
88000,Coalition, Inc.,San Francisco, CA
100000,Netflix,Remote
112000,OfferFit,Remote
87000,Black & Veatch Corporation,Charlotte, NC
